Search - Brand,,,Search - Competitors,,,Search - Generale - High Intent,,,Search - Prodotto/Servizio - High Intent,,,Search - Problemi / Casi d'uso,,,,,Negative Keywords,
Campaign,Ad Group,Keyword,Campaign,Ad Group,Keyword,Campaign,Ad Group,Keyword,Campaign,Ad Group,Keyword,Campaign,Ad Group,Keyword,,,Campaign,Negative Keyword
,,,,,,,,,,,,,,,,,,
Esempio Lead Gen,,,,,,,,,Search - Servizi,Terapia Breve Strategica,terapia breve strategica,,,,,,,
Search - Brand,Brand Name,brand keyword,Search - Competitors,Psicologi Online,gli psicologi online,Search - Generale Psicologo,Psicologo Online,psicologo online,Search - Servizi,Servizio Counseling,supporto counseling lavoro,Search - Problemi,Ipocondria,ipocondria,,,,gratis
Search - Brand,Brand Name Recensioni,brand keyword recensioni,Search - Competitors,Sant'agostino,sant agostino psicologi online,Search - Generale Psicologo,Psicologo Online,psicologo on line,Search - Servizi,Servizio Nutrizionismo,Nutrizionista online,Search - Problemi,Ipocondria,curare ipocondria,,,,gratuito
,,,,,,Search - Generale Psicologo,Psicologo Online,supporto psicologico online,Search - Servizi,Cognitivo Comportamentale,terapia cognitivo comportamentale,Search - Problemi,Attacchi di panico,attacchi di panico,,,,psicologo gratis
,,,,,,Search - Generale Psicologo,Psicologo Online,consulenza psicologica online,Search - Servizi,Cognitivo Comportamentale,psicoterapia cognitivo comportamentale,Search - Problemi,Attacchi di panico,attacchi di panico notturni,,,,
,,,,,,Search - Generale Psicologo,Psicoterapia Online,psicoterapia online,Search - Servizi,Cognitivo Comportamentale,cognitivo comportamentale,Search - Problemi,Depressione,uscire dalla depressione,,,,
,,,,,,Search - Generale Psicologo,Psicoterapia Online,psicoterapeuta online,Search - Servizi,Cognitivo Comportamentale,psicoterapeuta cognitivo comportamentale,Search - Problemi,Depressione,cura depressione,,,,
,,,,,,,,,Search - Servizi,Cognitivo Comportamentale,terapia comportamentale cognitiva,Search - Problemi,Depressione,depressione da solitudine,,,,
,,,,,,,,,Search - Servizi,Cognitivo Comportamentale,psicologia cognitiva comportamentale,Search - Problemi,Autostima,lavorare su autostima,,,,
,,,,,,,,,Search - Servizi,Cognitivo Comportamentale,psicoterapia cognitiva e comportamentale,Search - Problemi,Psicosomatici,disturbi psicosomatici,,,,
,,,,,,,,,Search - Servizi,Cognitivo Comportamentale,psicoterapia comportamentale e cognitiva,,,,,,,
,,,,,,,,,,,,,,,,,,
,,,,,,,,,Search - Servizi,Terapia Breve Strategica,terapia strategica breve,,,,,,,
,,,,,,,,,Search - Servizi,Terapia di Coppia,terapia di coppia,,,,,,,
,,,,,,,,,Search - Servizi,Terapia di Coppia,psicoterapeuta per coppie,,,,,,,
,,,,,,,,,Search - Servizi,Terapia di Coppia,psicologo coppia,,,,,,,
,,,,,,,,,Search - Servizi,Terapia di Coppia,terapia di coppia online,,,,,,,
,,,,,,,,,Search - Servizi,Terapia Sistemico relazionale,psicoterapia sistemico relazionale,,,,,,,
,,,,,,,,,Search - Servizi,Terapia EMDR,emdr psicologi,,,,,,,
,,,,,,,,,,,,,,,,,,
,,,,,,,,,,,,,,,,,,
,,,,,,,,,,,,,,,,,,
Esempio eCommerce,,,,,,,,,,,,,,,,,,
,,,,,,,,,,,,,,,,,,
,,,,,,Search - Generic Intent,Bambini,orologio bambina digitale,Search - Product Intent,Fitness & Cardio,cardiofrequenzimetro da polso,,,,,,,
,,,,,,Search - Generic Intent,Donna,orologio sportivo donna,Search - Product Intent,Fitness & Cardio,orologio fitness,,,,,,,
,,,,,,Search - Generic Intent,Donna,orologio donna sportivo,Search - Product Intent,Fitness & Cardio,orologi fitness,,,,,,,
Search - Brand,Brand - Casio,orologi casio uomo sportivi,,,,Search - Generic Intent,Donna,orologi da donna sportivi,Search - Product Intent,Fitness & Cardio,orologio per fitness,,,,,,,
Search - Brand,Brand - Citizen,citizen subacquei,,,,Search - Generic Intent,Donna,orologi sportivi da donna,Search - Product Intent,Fitness & Cardio,orologi da fitness,,,,,,,
Search - Brand,Brand - Decathlon,orologio decathlon,,,,Search - Generic Intent,Donna,orologio contapassi donna,Search - Product Intent,Fitness & Cardio,orologi per il fitness,,,,,,,
Search - Brand,Brand - Decathlon,orologi decathlon,,,,Search - Generic Intent,Donna,orologio fitness donna,Search - Product Intent,Fitness & Cardio,orologio cardiofrequenzimetro,,,,,,,
Search - Brand,Brand - Decathlon,cardiofrequenzimetro decathlon,,,,Search - Generic Intent,Donna,orologio subacqueo donna,Search - Product Intent,GPS & Altimetro,orologi gps,,,,,,,
Search - Brand,Brand - Decathlon,decathlon orologi,,,,Search - Generic Intent,Donna,orologio donna subacqueo,Search - Product Intent,GPS & Altimetro,orologio trekking,,,,,,,
Search - Brand,Brand - Decathlon,decathlon cardiofrequenzimetro,,,,Search - Generic Intent,Uomo,orologio sportivo uomo,Search - Product Intent,GPS & Altimetro,orologio per trekking,,,,,,,
Search - Brand,Brand - Decathlon,decathlon orologio,,,,Search - Generic Intent,Uomo,orologio uomo sportivo,Search - Product Intent,GPS & Altimetro,orologio da trekking,,,,,,,
Search - Brand,Brand - Garmin,orologio garmin uomo,,,,Search - Generic Intent,Uomo,orologi da uomo sportivi,Search - Product Intent,GPS & Altimetro,orologio gps trekking,,,,,,,
Search - Brand,Brand - Garmin,garmin orologio gps,,,,Search - Generic Intent,Uomo,orologi sportivi da uomo,Search - Product Intent,GPS & Altimetro,orologi da montagna,,,,,,,
Search - Brand,Brand - Garmin,garmin per nuoto,,,,Search - Generic Intent,Uomo,orologi per uomo sportivi,Search - Product Intent,GPS & Altimetro,orologio trekking gps,,,,,,,
Search - Brand,Brand - Garmin,garmin per il nuoto,,,,Search - Generic Intent,Uomo,orologi sportivi per uomo,Search - Product Intent,GPS & Altimetro,orologi con gps per trekking,,,,,,,
Search - Brand,Brand - Philip,orologi uomo philip watch,,,,Search - Generic Intent,Uomo,orologio uomo curren,Search - Product Intent,GPS & Altimetro,orologi gps per trekking,,,,,,,
Search - Brand,Brand - Swatch,swatch subacqueo,,,,Search - Generic Intent,Uomo,orologio subacqueo uomo,Search - Product Intent,GPS & Altimetro,orologio da trekking con gps,,,,,,,
,,,,,,Search - Generic Intent,Uomo,orologio uomo sportivo elegante,Search - Product Intent,GPS & Altimetro,orologio per montagna,,,,,,,
,,,,,,Search - Generic Intent,Uomo,orologio contapassi uomo,Search - Product Intent,Nuoto / Impermeabili,orologio subacqueo,,,,,,,
,,,,,,,,,Search - Product Intent,Nuoto / Impermeabili,orologio per sub,,,,,,,
,,,,,,Search - Generic Intent,Generale,miglior sport watch,Search - Product Intent,Nuoto / Impermeabili,orologi subacquea,,,,,,,
,,,,,,Search - Generic Intent,Generale,migliori orologi sportivi,Search - Product Intent,Nuoto / Impermeabili,orologio nuoto,,,,,,,
,,,,,,Search - Generic Intent,Smartwatch Sportivi,sportwatch,Search - Product Intent,Nuoto / Impermeabili,orologio per nuoto,,,,,,,
,,,,,,Search - Generic Intent,Smartwatch Sportivi,smartwatch sportwatch,Search - Product Intent,Nuoto / Impermeabili,orologio per il nuoto,,,,,,,
,,,,,,Search - Generic Intent,Smartwatch Sportivi,miglior sportwatch,Search - Product Intent,Nuoto / Impermeabili,orologio da nuoto,,,,,,,
,,,,,,,,,Search - Product Intent,Nuoto / Impermeabili,nuoto orologio,,,,,,,
,,,,,,,,,Search - Product Intent,Nuoto / Impermeabili,miglior orologio subacqueo economico,,,,,,,
,,,,,,,,,Search - Product Intent,Nuoto / Impermeabili,orologio da sub,,,,,,,
,,,,,,,,,Search - Product Intent,Nuoto / Impermeabili,smartwatch subacqueo,,,,,,,
,,,,,,,,,Search - Product Intent,Nuoto / Impermeabili,smartwatch nuoto,,,,,,,
,,,,,,,,,Search - Product Intent,Nuoto / Impermeabili,orologi subacquei professionali,,,,,,,
,,,,,,,,,Search - Product Intent,Nuoto / Impermeabili,smartwatch per il nuoto,,,,,,,
,,,,,,,,,Search - Product Intent,Premium / Professionali,orologio hip hop,,,,,,,
,,,,,,,,,Search - Product Intent,Premium / Professionali,orologi nautici,,,,,,,
,,,,,,,,,Search - Product Intent,Premium / Professionali,orologio reverso,,,,,,,
,,,,,,,,,Search - Product Intent,Premium / Professionali,orologi sportivi,,,,,,,
,,,,,,,,,Search - Product Intent,Premium / Professionali,orologi per sport,,,,,,,
,,,,,,,,,Search - Product Intent,Premium / Professionali,orologi da sport,,,,,,,
,,,,,,,,,Search - Product Intent,Premium / Professionali,orologi x lo sport,,,,,,,
,,,,,,,,,Search - Product Intent,Premium / Professionali,alpine orologi,,,,,,,
,,,,,,,,,Search - Product Intent,Premium / Professionali,orologio daytona,,,,,,,
,,,,,,,,,Search - Product Intent,Premium / Professionali,orologi giapponesi,,,,,,,
,,,,,,,,,Search - Product Intent,Premium / Professionali,orologi elettronici,,,,,,,
,,,,,,,,,Search - Product Intent,Premium / Professionali,offerte orologi,,,,,,,
,,,,,,,,,Search - Product Intent,Premium / Professionali,orologio luca barra,,,,,,,
,,,,,,,,,Search - Product Intent,Premium / Professionali,hoops orologi,,,,,,,
,,,,,,,,,Search - Product Intent,Premium / Professionali,winchester orologio,,,,,,,
,,,,,,,,,Search - Product Intent,Premium / Professionali,mercure orologi,,,,,,,
,,,,,,,,,Search - Product Intent,Premium / Professionali,nadal orologio,,,,,,,
,,,,,,,,,Search - Product Intent,Premium / Professionali,orologio ferrari serie limitata,,,,,,,
,,,,,,,,,Search - Product Intent,Premium / Professionali,orologio meccanico automatico,,,,,,,
,,,,,,,,,Search - Product Intent,Premium / Professionali,orologi monaco,,,,,,,
,,,,,,,,,Search - Product Intent,Premium / Professionali,black friday orologi,,,,,,,
,,,,,,,,,Search - Product Intent,Premium / Professionali,orologio lige,,,,,,,
,,,,,,,,,Search - Product Intent,Premium / Professionali,porsche design orologi,,,,,,,
,,,,,,,,,Search - Product Intent,Premium / Professionali,orologio palestra,,,,,,,
,,,,,,,,,Search - Product Intent,Premium / Professionali,orologio per apnea,,,,,,,
,,,,,,,,,Search - Product Intent,Premium / Professionali,orologi apnea,,,,,,,
,,,,,,,,,Search - Product Intent,Premium / Professionali,orologio da palestra,,,,,,,
,,,,,,,,,Search - Product Intent,Premium / Professionali,orologi diving,,,,,,,
,,,,,,,,,Search - Product Intent,Premium / Professionali,orologi in plastica,,,,,,,
,,,,,,,,,Search - Product Intent,Premium / Professionali,orologi per palestra,,,,,,,
,,,,,,,,,Search - Product Intent,Premium / Professionali,orologio colorato,,,,,,,
,,,,,,,,,Search - Product Intent,Premium / Professionali,u boat orologi prezzo,,,,,,,
,,,,,,,,,Search - Product Intent,Running,orologio corsa,,,,,,,
,,,,,,,,,Search - Product Intent,Running,orologio da corsa,,,,,,,
,,,,,,,,,Search - Product Intent,Running,orologi per la corsa,,,,,,,
,,,,,,,,,Search - Product Intent,Running,orologio per correre,,,,,,,
,,,,,,,,,Search - Product Intent,Running,orologio running,,,,,,,
,,,,,,,,,Search - Product Intent,Running,orologi running,,,,,,,